date,rain,rain_basin,Q,Qmax,Qb,soil,temp,wspd,rh,sal,sal_mean,sal_min,sal_max,sal_std,wtemp,do,chl,ph,ss,cod,n_obs,runoff_vol,logQ,rain3,rain7
2026-05-10,0.0,0.0,1.9656682914691208,1.9972241503418162,1.9656682914691208,66.07068820870153,24.76875,3.5454545454545454,77.86363636363636,32.90940656565657,32.90278745644599,31.1,34.0,0.5356447328613515,21.969686411149826,5.707665505226481,2.4250871080139373,8.04773519163763,8.431010452961672,2.8658536585365852,287.0,16.983374038293203,0.2935102320419232,0.0,0.0
2026-05-11,0.0,0.0,1.9012260197158912,1.9317473544821004,1.9012260197158912,63.50288315703269,25.379166666666666,2.519047619047619,79.33333333333333,33.02765151515151,33.04216027874565,31.1,34.1,0.6403666471267595,23.069686411149824,5.3864111498257845,2.61602787456446,8.134146341463415,12.772473867595819,2.7919860627177697,287.0,16.4265928103453,0.27903374931181507,0.0,0.0
2026-05-12,0.0,0.0,1.8388964169245299,1.8684171433186088,1.8388964169245299,60.92600709659407,26.304166666666664,2.5142857142857142,75.95238095238095,32.88368055555556,32.86597222222222,31.1,33.6,0.5004058554130131,23.26388888888889,5.605208333333334,2.3177083333333335,8.234375,8.87361111111111,2.939236111111111,288.0,15.888065042227938,0.26455726658170675,0.0,0.0
2026-05-13,0.0,0.0,1.778610221568077,1.8071631434343542,1.778610221568077,58.34308859769669,26.993750000000002,1.1400000000000001,72.2,32.83840579710145,32.856884057971016,31.1,33.6,0.5130192989099132,24.02644927536232,6.128260869565217,2.296014492753623,8.173913043478262,8.707608695652173,4.342753623188406,276.0,15.367192314348186,0.25008078385159843,0.0,0.0
2026-05-14,14.0,21.0,6.828663608306754,17.730942011613205,1.794405670750673,62.33965289093063,25.900000000000002,1.6347826086956523,81.34782608695652,32.94201388888889,32.89895470383275,31.1,33.6,0.4844782588060785,23.47595818815331,6.112891986062718,1.6898954703832754,8.144947735191638,8.027177700348433,5.638327526132405,287.0,58.99965357577036,0.8343357191535387,14.0,14.0
2026-05-15,0.0,0.0,6.978469871394946,11.81334749851113,1.863477981064955,70.72815015083962,26.6375,2.675,77.5,33.331250000000004,33.32743055555556,31.1,33.7,0.5115846073638944,22.962152777777778,6.086805555555555,1.0302083333333334,8.071874999999999,11.871180555555556,6.652430555555556,288.0,60.29397968885234,0.8437602078297688,14.0,14.0
2026-05-16,0.0,0.0,2.8350849584082543,3.8341247168009316,1.8023859061797278,67.60185559226314,27.6375,1.67,73.1,33.02152777777778,33.05034722222222,31.1,33.8,0.595804042797512,23.848958333333332,6.05625,1.945486111111111,8.077083333333333,15.336111111111112,10.328819444444443,288.0,24.49513404064732,0.45256607783740815,14.0,14.0
2026-05-17,0.0,0.0,1.951795010520204,2.175641878784927,1.7432966677388835,64.5952130274916,27.325,2.381818181818182,71.45454545454545,33.165942028985505,33.165942028985505,31.1,33.8,0.5694649963621006,24.105797101449276,6.131884057971014,1.7155797101449275,8.053623188405796,14.809057971014493,11.709420289855073,276.0,16.86350889089456,0.2904342034562992,0.0,14.0
2026-05-18,0.0,0.0,1.7282396943688836,1.7948518434687788,1.6861446049536788,61.74977550145255,26.912499999999998,2.331578947368421,73.57894736842105,33.29097222222222,33.29097222222222,31.1,33.8,0.5943301437611909,25.053125,6.087152777777778,1.9649305555555554,8.047222222222222,12.007986111111112,9.644097222222221,288.0,14.931990959347154,0.2376039758295638,0.0,14.0
2026-05-19,0.0,0.0,1.6393650616296738,1.6735298948030746,1.6308662096520703,59.09819969174169,26.818749999999998,1.7090909090909092,73.36363636363636,32.937847222222224,32.90347222222223,31.1,33.9,0.49939520138859667,24.556597222222223,6.062847222222222,1.0534722222222221,8.007986111111112,6.934374999999999,4.729166666666667,288.0,14.164114132480382,0.21467567510638466,0.0,14.0
2026-05-20,0.0,0.0,1.5791159443287757,1.6060506237684737,1.5774000557075454,56.48969469055104,27.822916666666668,2.9,72.56521739130434,33.03260869565217,33.06992753623188,31.1,33.9,0.6437966888296965,24.386231884057974,6.103260869565218,1.8978260869565216,8.008695652173913,6.097101449275362,4.23876811594203,276.0,13.64356175900062,0.19841401862993163,0.0,14.0
2026-05-21,0.0,0.0,1.526033162719445,1.55085121097023,1.5256867307815518,53.84336767163263,28.43958333333333,1.7777777777777777,75.44444444444444,33.1036231884058,33.10217391304348,31.1,34.1,0.6927644113580416,24.86413043478261,6.215579710144928,4.902536231884057,8.020289855072463,5.400724637681159,4.156159420289855,276.0,13.184926525896005,0.18356397151503945,0.0,0.0
2026-05-22,0.0,0.0,1.4757387137056563,1.4994940685248672,1.4756687703036737,51.28045502392297,28.65416666666667,1.5666666666666667,75.57142857142857,33.1625,33.16319444444444,31.1,34.3,0.7105718880258702,25.24375,6.559027777777778,5.954513888888889,8.0,5.077083333333333,4.511458333333334,288.0,12.750382486416871,0.16900947046745027,0.0,0.0
2026-05-23,0.0,0.0,1.4273047149455136,1.450230992044292,1.4272905936161966,48.85269921006327,28.587500000000002,1.7428571428571429,76.76190476190476,33.19826388888889,33.19756944444444,31.1,34.5,0.8144348815868165,25.17534722222222,6.414583333333333,3.9190972222222222,8.0,4.929861111111111,5.510763888888889,288.0,12.331912737129237,0.15451670043923835,0.0,0.0
2026-05-24,0.0,0.0,1.380501293259324,1.4026658053168055,1.3804984422121054,46.48779937958445,29.110416666666666,2.1681818181818184,75.86363636363636,33.003819444444446,32.99965156794425,30.3,34.7,0.8266326611574721,25.634146341463413,6.351916376306621,4.114982578397212,8.002090592334495,5.669686411149826,10.166898954703832,287.0,11.927531173760558,0.14003681782434027,0.0,0.0
2026-05-25,0.0,0.0,1.335240895614383,1.3566767188264177,1.3352403199978768,44.1867179560905,29.3875,2.7142857142857144,74.19047619047619,33.07739898989899,33.104195804195804,26.1,34.9,1.5081008913094303,26.32090592334495,5.8080139372822295,6.322996515679443,8.010452961672474,5.722648083623693,12.506271777003485,286.0,11.53648133810827,0.12555962539952376,0.0,0.0
2026-05-26,0.0,0.0,1.291466051729661,1.3121987112382585,1.2914659355146927,41.98521294500282,29.462500000000002,2.761904761904762,73.76190476190476,32.84267676767677,32.82787456445993,29.6,33.8,0.5857784357752533,26.38745644599303,6.235888501742161,4.206620209059233,8.102787456445993,6.697212543554007,3.7459930313588847,287.0,11.158266686944271,0.1110829945277211,0.0,0.0
2026-05-27,0.0,0.0,1.249126669517265,1.2691795480491237,1.2491266460538675,39.883094003643244,29.397916666666664,2.743478260869565,77.21739130434783,32.85107323232323,32.855052264808364,31.1,33.6,0.33600998057951886,22.687847222222224,6.446180555555555,1.885763888888889,7.980555555555556,6.862847222222222,4.053125,287.0,10.792454424629168,0.09660648087453545,0.0,0.0
2026-05-28,0.0,0.0,1.2081754083415672,1.2275708584500022,1.208175403604389,37.89130644168916,29.34583333333333,2.2857142857142856,78.0952380952381,32.99722222222222,32.98888888888889,32.9,33.1,0.06945392889162812,18.208680555555556,5.876041666666667,1.5565972222222222,8.000347222222222,7.339930555555556,2.984375,288.0,10.43863552807114,0.08212999168954921,0.0,0.0
2026-05-29,0.0,0.0,1.168566703528931,1.1873262917441956,1.1685667025725113,35.97741743327186,29.71666666666667,2.142857142857143,76.14285714285714,33.240625,33.228125000000006,33.1,33.4,0.08141149188199524,17.963541666666668,6.134722222222222,1.7604166666666667,8.0,7.413541666666666,2.6993055555555556,288.0,10.096416318489965,0.06765350761205093,0.0,0.0
2026-05-30,0.0,0.0,1.1302565294083984,1.1484011044810138,1.1302565292153006,34.1921746152148,28.756249999999998,2.526086956521739,69.6086956521739,33.0375,33.0822299651568,32.3,33.6,0.5867397560560509,19.6801393728223,6.555400696864112,1.8714285714285714,8.037630662020906,9.358885017421603,2.179094076655052,287.0,9.765416414088563,0.053177024600688606,0.0,0.0
2026-05-31,0.0,0.0,1.0932023127709356,1.1107520377787492,1.0932023127319497,32.59718064707342,27.325,4.443478260869566,64.34782608695652,32.418055555555554,32.330313588850174,32.3,32.4,0.046041626688508946,18.556097560975612,6.407317073170732,0.6979094076655051,8.225087108013938,8.4595818815331,1.9686411149825784,287.0,9.445267982340884,0.038700541811871485,0.0,0.0
2026-06-01,0.0,0.0,1.0573628779663782,1.0743372545249392,1.0573628779585071,31.15241672615336,27.1375,3.405,70.5,33.20590277777778,33.20173611111111,31.2,34.5,1.287150557354391,18.179166666666667,5.705208333333334,2.5708333333333333,7.961111111111112,10.504166666666666,8.281597222222222,288.0,9.135615265629507,0.024224059069508315,0.0,0.0
2026-06-02,0.0,0.0,1.0226983996150476,1.0391162899124735,1.0226983996134587,29.715207229922594,28.54375,1.5772727272727274,65.45454545454545,33.260416666666664,33.36493055555556,31.2,34.6,1.3324361365102888,19.59826388888889,5.376041666666667,2.5413194444444445,7.932291666666667,11.287847222222222,6.923263888888889,288.0,8.83611417267401,0.00974757633684189,0.0,0.0
2026-06-03,0.0,0.0,0.9891703580436388,1.005050005874114,0.9891703580433181,28.26008654270339,29.308333333333334,3.1476190476190475,69.14285714285714,31.93993055555556,31.95590277777778,31.2,32.2,0.26575751488339205,16.950000000000003,5.965624999999999,2.5746527777777777,7.669444444444445,10.110069444444445,10.593402777777778,288.0,8.546431893497038,-0.004728906393800243,0.0,0.0
2026-06-04,12.5,18.75,2.5002359590382675,4.614836489263158,0.9812248182810163,35.20383959321203,27.795833333333334,3.7809523809523813,83.14285714285714,32.434375,32.37222222222223,29.1,33.4,0.7084305118827677,18.812152777777776,5.738541666666666,1.8520833333333333,7.938194444444444,12.39236111111111,9.393055555555556,288.0,21.602038686090633,0.39798099702106365,12.5,12.5
2026-06-05,8.5,12.75,5.9437979421183575,8.911262951215503,1.0509967063142567,51.64394544227061,27.306250000000002,2.756521739130435,83.69565217391305,33.1,33.1,33.1,33.1,0.0,17.187152777777776,5.621527777777778,1.3822916666666667,7.961805555555555,10.87638888888889,6.863194444444444,288.0,51.35441421990261,0.7740640372742938,21.0,21.0
2026-06-06,0.0,0.0,2.4247761990127206,3.7477943131725855,1.0340647156594165,51.40956533652201,28.897916666666664,2.3850000000000002,75.25,33.20729166666667,33.19895833333334,33.1,33.3,0.05245497488553507,15.771180555555556,5.618055555555555,0.4239583333333334,8.042708333333334,9.379861111111111,6.336111111111111,288.0,20.950066359469904,0.3846716604561635,21.0,21.0
2026-06-07,9.0,13.5,4.942152434595754,8.505548305834965,1.064696806581692,56.10917706604207,28.816666666666666,3.595652173913044,77.95652173913044,32.17465277777778,32.22083333333333,31.2,33.4,0.6059950207359728,15.550694444444446,5.880208333333333,0.3847222222222222,8.077083333333333,8.372569444444444,5.815625000000001,288.0,42.70019703490732,0.6939161365502421,17.5,30.0
2026-06-08,88.0,132.0,88.06948036785728,211.69027193639334,2.4992532028601473,101.64231469209857,26.535416666666666,3.4578947368421056,90.94736842105263,32.469791666666666,32.41111111111111,31.2,33.6,0.7786445035268876,15.964930555555558,5.385416666666667,1.5197916666666667,8.069791666666667,7.550694444444444,5.244791666666667,288.0,760.9203103782869,1.9448254339038162,97.0,118.0
2026-06-09,65.0,97.5,285.37224347713334,371.86880301277387,8.115868115903735,141.1141697496532,25.922916666666666,4.371428571428571,89.57142857142857,32.02065217391304,32.08297101449275,31.2,33.6,0.5171599498242652,16.307608695652174,5.430072463768116,1.9307971014492753,8.006159420289855,7.7380434782608685,6.827173913043478,276.0,2465.616183642432,2.4554117294971456,162.0,183.0
2026-06-10,9.0,13.5,146.51718587568374,221.3522228517985,10.030740402719456,141.05964338627635,26.006249999999998,3.7285714285714286,84.71428571428571,31.945833333333336,31.946180555555557,31.2,32.2,0.27175900506356754,16.194791666666667,5.402777777777778,2.178472222222222,7.986805555555555,6.868055555555555,10.415972222222223,288.0,1265.9084859659076,2.1658885686711944,162.0,192.0
2026-06-11,4.0,6.0,46.269459924086384,69.54018760214583,9.915799256698902,137.18312348511526,26.2,1.952173913043478,81.3913043478261,31.929347826086957,31.938888888888886,31.2,32.2,0.27436619673523244,15.997916666666665,5.097916666666666,2.81875,7.991666666666666,6.648611111111111,11.90798611111111,288.0,399.76813374410636,1.665294430268041,78.0,183.5
2026-06-12,4.5,6.75,41.44265745890346,62.75299213087658,10.12953129361386,134.5851616354598,26.222916666666666,1.6428571428571428,89.23809523809524,31.930902777777778,31.924637681159425,31.2,32.2,0.27760314229369093,16.122463768115942,5.1278985507246375,4.443478260869566,7.9855072463768115,6.538043478260869,13.879710144927536,276.0,358.0645604449259,1.6174475962239918,17.5,179.5
2026-06-13,0.5,0.75,18.79223333394863,24.800177688220792,9.880353801272623,130.18700916279568,27.6875,1.6,75.45454545454545,31.944097222222226,31.944097222222222,31.2,32.2,0.272106028715532,15.823611111111111,5.268402777777777,3.2916666666666665,7.982291666666667,6.507986111111111,14.048958333333333,288.0,162.36489600531618,1.273978396224701,9.0,180.0
2026-06-14,50.5,75.75,90.69540369255073,247.28771332095988,10.702413584856265,131.1539732176664,26.266666666666666,3.495,85.1,31.939583333333335,31.94027777777778,31.2,32.2,0.27517987641268643,17.587152777777778,6.085763888888889,2.5697916666666667,7.996874999999999,6.405902777777778,13.8125,288.0,783.6082879036383,1.9575852782228023,55.5,221.5
2026-06-15,58.0,87.0,286.5975479133884,387.24870512943795,15.768511221666216,143.10253544072393,25.11388888888889,3.2809523809523804,91.57142857142857,31.92013888888889,31.92118055555556,31.2,32.2,0.27962642208349764,21.263194444444444,6.737847222222222,2.4944444444444445,7.995833333333334,6.061458333333333,13.855555555555556,288.0,2476.2028139716754,2.4572724703172915,109.0,191.5
2026-06-16,11.0,16.5,153.79010168876027,238.50108093324417,17.692136587882594,142.46014370390776,26.588194444444444,3.076190476190476,82.33333333333333,31.950694444444448,31.94826388888889,31.2,32.2,0.2702375516119074,22.234722222222224,6.789236111111111,2.5555555555555554,7.9944444444444445,5.954166666666667,14.325347222222222,288.0,1328.7464785908887,2.1869283840981253,119.5,137.5
2026-06-17,0.0,0.0,65.00765460417571,109.71706622818562,17.716224859397038,138.70416357612507,28.870833333333334,3.405,74.55,31.949652777777782,31.947569444444444,31.2,32.2,0.2706187168955358,21.646875,6.769097222222222,2.254166666666667,7.938888888888889,9.9375,9.468055555555557,288.0,561.6661357800782,1.8129644975140393,69.0,128.5
2026-06-18,0.0,0.0,26.683392920228076,35.927730033793566,17.13541792376838,133.31565140003795,29.34375,3.0090909090909093,77.31818181818181,31.927083333333332,31.934722222222224,31.2,32.2,0.28069586116131834,19.938194444444445,6.815277777777777,2.2711805555555555,7.964583333333334,13.370833333333334,5.385416666666667,288.0,230.54451483077057,1.4262410513631647,11.0,124.5
2026-06-19,0.0,0.0,18.50135501004197,20.578281241209346,16.57365210435672,127.80915903543695,29.84583333333333,3.17,71.3,31.958333333333332,31.949305555555554,31.2,32.2,0.2704999958852239,19.765972222222224,6.705902777777777,2.2593750000000004,7.993055555555555,13.247569444444444,4.521180555555556,288.0,159.8517072867626,1.2672035366102674,0.0,120.0
2026-06-20,0.0,0.0,16.419499663507338,17.04244870644175,16.030303159121306,122.35436628211689,29.025000000000002,1.8409090909090908,77.0909090909091,31.81423611111111,31.837152777777778,31.2,32.2,0.31794453791638616,19.671527777777776,6.705902777777777,2.290972222222222,7.999305555555556,13.266319444444445,8.558333333333334,288.0,141.8644770927034,1.2153599191239508,0.0,119.5
2026-06-21,0.0,0.0,15.583344730160926,15.90606522431164,15.504767311109696,117.13812365672392,28.40625,2.122727272727273,78.86363636363636,31.824652777777782,31.833333333333332,31.2,32.2,0.31512400081317626,19.65798611111111,6.102430555555555,2.648611111111111,8.0,13.2625,14.374305555555557,288.0,134.6400984685904,1.1926606781088223,0.0,69.0
2026-06-22,0.0,0.0,15.012325084831856,15.267973715909417,14.996460577532403,111.90495538890129,28.974999999999998,2.5217391304347827,76.56521739130434,31.918118686868684,31.915734265734265,31.2,33.9,0.5006634048210435,21.27638888888889,5.435763888888889,2.667708333333333,8.065972222222221,25.205555555555556,17.406597222222224,286.0,129.70648873294724,1.1764479602854088,0.0,11.0
2026-06-23,0.0,0.0,14.508021109616486,14.74388307853067,14.504818120833027,106.51695336586836,29.474999999999998,2.508695652173913,75.04347826086956,32.18876811594203,32.158974358974355,29.7,32.6,0.4020193184765592,28.56123188405797,5.834420289855072,2.7257246376811595,8.164492753623188,41.2536231884058,14.229347826086958,273.0,125.34930238708644,1.1616081788206716,0.0,0.0
2026-06-24,0.0,0.0,14.029940293315414,14.255767055772633,14.029293621032858,101.11660740031475,29.547916666666666,2.3904761904761904,79.76190476190476,32.516666666666666,32.50416666666667,31.2,32.9,0.36106211883627043,31.19895833333333,6.447222222222222,2.8531250000000004,8.188888888888888,38.797916666666666,13.332986111111111,288.0,121.21868413424518,1.1470558228217438,0.0,0.0
2026-06-25,25.0,37.5,26.90206401164436,90.61280705109719,13.73957631702256,99.86213571284613,28.094791666666666,2.8850000000000002,84.4,32.251041666666666,32.282291666666666,31.2,32.8,0.4530949993072133,30.895138888888887,6.222916666666666,2.5659722222222223,8.14548611111111,39.177083333333336,28.279861111111114,288.0,232.43383306060727,1.4297856017302872,25.0,25.0
2026-06-26,174.5,261.75,618.4573899586354,975.4992816155614,24.985685397269506,147.7167285457211,26.109375,3.1904761904761907,89.38095238095238,31.88611111111111,31.867361111111116,30.5,32.4,0.39027013982162856,28.567708333333332,6.262847222222223,2.457986111111111,8.025694444444445,47.78680555555556,21.397222222222222,288.0,5343.47184924261,2.7913097832807314,199.5,199.5
2026-06-27,94.5,141.75,585.8466592121789,818.0465984056289,34.39882827351844,147.80069013655188,25.891666666666666,3.055,90.65,31.97881944444445,31.978819444444444,31.2,32.2,0.25932637616851123,26.055208333333333,6.511458333333334,2.1538194444444443,8.069097222222222,38.86944444444444,29.047916666666666,288.0,5061.715135593226,2.767783957703058,294.0,294.0
2026-06-28,0.0,0.0,196.46059540330293,340.8455733568437,35.120396361245525,143.83173840888,28.94347826086957,1.7380952380952381,78.85714285714286,31.952536231884057,31.962847222222226,31.2,32.2,0.27606281968127433,22.547222222222224,6.706597222222222,1.7850694444444446,7.700347222222222,29.812152777777776,16.45486111111111,288.0,1697.4195442845373,2.2932754559073176,269.0,294.0
2026-06-30,0.5,0.75,41.10880068054853,46.703797276808494,32.90203685700154,133.1720803359385,29.335416666666664,1.8904761904761906,78.85714285714286,32.044444444444444,31.99826388888889,31.2,32.2,0.23969443341307478,22.383680555555557,6.729166666666667,1.9465277777777779,7.539583333333334,43.45104166666667,16.074305555555554,288.0,355.18003787993933,1.6139348067385701,0.5,294.5
2026-07-01,0.0,0.0,33.848809364137445,36.24943099008195,31.83737189769332,127.72087970941745,29.7625,2.3333333333333335,76.52380952380952,32.855555555555554,32.859722222222224,31.1,33.9,0.6048951813416719,22.37152777777778,6.736805555555556,1.9329861111111113,8.273611111111112,7.192708333333333,16.77048611111111,288.0,292.45371290614753,1.5295433969301957,0.5,294.5
2026-07-02,1.5,2.25,31.848419845022104,38.56886034940273,30.801289115014075,122.24736566888612,29.885416666666668,1.335,78.0,32.85085227272727,32.857491289198606,31.1,33.9,0.6265160458384827,22.493728222996516,6.731358885017422,2.2662020905923344,8.271428571428572,6.564808362369337,17.582229965156795,287.0,275.17034746099097,1.5030878897447968,2.0,271.0
2026-07-03,0.0,0.0,33.54340902500368,37.46954162723527,29.87448596338181,117.44664781203898,29.700000000000003,1.9666666666666666,73.80952380952381,32.83923611111111,32.83680555555556,31.1,33.9,0.6232707397442093,22.404861111111114,6.753819444444444,2.3295138888888887,8.271527777777777,7.3895833333333325,18.443055555555556,288.0,289.81505397603183,1.5256071979693029,1.5,96.5
2026-07-04,0.0,0.0,29.635826608338334,30.795538809092466,28.895083817406586,111.83120750587939,30.2625,3.1772727272727277,70.68181818181819,33.08680555555556,33.09305555555555,31.1,34.5,0.8125027174676833,22.459375,6.752083333333333,2.209027777777778,8.271180555555555,9.863194444444444,19.335763888888888,288.0,256.0535418960432,1.4718170451715769,1.5,2.0
2026-07-05,0.0,0.0,28.097343683191482,28.686492244960967,27.947790292972723,106.21516143332309,29.927083333333332,3.1818181818181817,74.22727272727273,33.16423611111111,33.154513888888886,31.1,34.6,0.8449359952347653,22.505208333333332,6.741319444444445,2.345833333333333,8.289930555555555,4.847916666666666,20.377083333333335,288.0,242.76104942277442,1.4486652637391697,0.0,2.0
2026-07-06,0.0,0.0,27.061747052997394,27.524062298565404,27.031552744257933,100.70614834481903,30.133333333333336,2.9428571428571426,71.04761904761905,33.36388888888889,33.297222222222224,31.1,34.6,0.849303419796057,22.584375,6.733333333333333,2.417361111111111,8.42013888888889,4.793055555555556,21.135069444444444,288.0,233.8134945378975,1.4323558303615525,0.0,2.0
2026-07-07,0.0,0.0,26.15144916107258,26.576900253089775,26.145353035274827,95.48674047400118,29.78125,2.604761904761905,73.19047619047619,33.41631944444445,33.41631944444444,31.1,34.6,0.9177181568268817,22.717361111111114,6.726041666666666,1.7993055555555557,8.340972222222222,4.822916666666667,22.069444444444443,288.0,225.9485207516671,1.4174957599420726,0.0,1.5
2026-07-08,0.0,0.0,25.28943719507573,25.696557640881405,25.288206408503907,90.53165762579943,30.229166666666668,1.0272727272727273,72.18181818181819,33.32986111111111,33.34722222222222,31.1,34.6,0.8770749966498607,22.72326388888889,6.718055555555555,0.9288194444444444,8.254513888888889,4.029513888888889,24.042708333333334,288.0,218.50073736545428,1.4029391644257516,0.0,1.5
2026-07-09,0.0,0.0,24.459408882140476,24.852297480216833,24.459160390617228,85.82872813329534,29.820833333333336,2.05,75.2,33.39791666666667,33.39791666666667,31.1,34.6,0.887267170224892,22.896875,6.637847222222223,1.629861111111111,7.984375,2.880902777777778,17.278125000000003,288.0,211.3292927416937,1.3884459571022851,0.0,0.0
2026-07-10,0.0,0.0,23.65734390365003,24.037173432879204,23.657293734076735,81.37595412163846,30.0625,5.7318181818181815,72.68181818181819,33.26979166666667,33.32534722222223,31.1,34.6,0.8898674005237575,23.146527777777777,6.522222222222222,3.0725694444444445,8.243749999999999,2.167013888888889,10.125,288.0,204.39945132753627,1.3739659832022595,0.0,0.0
2026-07-11,11.5,17.25,36.03786324537518,44.18519462663404,23.129879761512502,86.18885292183172,28.0,5.056521739130434,80.65217391304348,33.38715277777778,33.314236111111114,31.1,34.6,0.833053306609562,23.635069444444444,6.414236111111112,3.1277777777777778,8.274305555555555,2.4204861111111113,13.648611111111112,288.0,311.3671384400415,1.556759032910436,11.5,11.5
2026-07-12,0.5,0.75,28.057080889523803,33.661842205640696,22.474763072815776,85.19126625208868,30.429166666666664,4.704761904761905,76.80952380952381,33.35347222222222,33.42160278745644,31.1,34.6,0.9156106577774016,23.65505226480836,6.495470383275261,3.1125435540069684,8.262717770034843,2.734843205574913,16.181184668989548,287.0,242.41317888548565,1.4480424842433282,12.0,12.0
2026-07-13,0.0,0.0,22.865003228078752,24.272711288650353,21.73795269854587,80.67344730094386,30.54375,4.380952380952381,68.66666666666667,32.26770833333333,32.28472222222222,30.3,34.5,0.963285568423875,23.702430555555555,6.539236111111111,2.596875,8.143749999999999,3.8388888888888886,17.571527777777778,288.0,197.55362789060044,1.3591712670303544,12.0,12.0
2026-07-14,0.0,0.0,21.252845419066563,21.804130545725098,21.025297841549843,76.43208247777044,30.097916666666666,4.538095238095238,71.0,32.33784722222222,32.322916666666664,30.6,34.8,0.8582632775894224,23.715625,6.557986111111111,2.3118055555555554,8.207638888888889,4.391319444444445,17.875347222222224,288.0,183.62458442073512,1.327417083425011,0.5,12.0
2026-07-15,0.5,0.75,20.92236442608758,21.708106622818153,20.36062972055962,73.06357644964609,29.960869565217394,4.039130434782609,71.47826086956522,32.64855072463768,32.66111111111111,31.1,33.6,0.6085466906649986,23.672569444444445,6.572916666666667,2.354513888888889,8.188194444444443,2.519791666666667,17.917708333333334,288.0,180.7692286413967,1.3206107623739272,0.5,12.5
