date,rain,rain_basin,Q,Qmax,Qb,soil,temp,wspd,rh,sal_mean,sal_min,sal_max,sal_std,wtemp,do,chl,ph,ss,cod,cond,n_obs,tide_rng,logQ,rain3,rain7,runoff_vol,station
2026-05-01,0.0,0.0,1.96840028309562,1.9999999999999998,1.96840028309562,66.31709850417468,23.258333333333336,3.6374999999999997,76.70833333333333,,,,,,,,,,,,,,0.2941134188223443,0.0,0.0,17.006978445946157,東石
2026-05-02,0.0,0.0,1.9038684460034228,1.9344322009640118,1.9038684460034228,63.86532903043135,25.295833333333334,1.4749999999999999,79.79166666666667,,,,,,,,,,,,,,0.2796369360922361,0.0,0.0,16.449423373469575,東石
2026-05-03,0.0,0.0,1.8414522141741674,1.8710139700632364,1.8414522141741674,61.2087527917944,27.40416666666667,1.8125,83.58333333333333,,,,,,,,,,,,,,0.2651604533621278,0.0,0.0,15.910147130464805,東石
2026-05-04,0.0,0.0,1.7810822298174942,1.8096748360719204,1.7810822298174942,58.66821073168714,24.84166666666667,4.379166666666666,72.375,,,,,,,,,,,,,,0.2506839706320195,0.0,0.0,15.38855046562315,東石
2026-05-05,1.5,2.25,2.2130535259350275,2.8073782085419987,1.7306348987336182,57.431235175141666,22.304166666666664,1.9208333333333334,87.91666666666667,,,,,,,,,,,,,,0.34499191810127483,1.5,1.5,19.120782464078637,東石
2026-05-06,2.0,3.0,3.239289112066098,4.674297328514377,1.7072111979433424,58.831564722569404,24.287499999999998,2.8874999999999997,85.04166666666667,,,,,,,,,,,,,,0.5104497112616679,3.5,3.5,27.987457928251086,東石
2026-05-07,0.0,0.0,2.0032852012078783,2.358609026087617,1.6532884618377606,56.735413210246605,25.979166666666668,1.6125,83.25,,,,,,,,,,,,,,0.3017427827900959,3.5,3.5,17.308384138436068,東石
2026-05-08,0.0,0.0,1.669750342018923,1.7618013847216005,1.5990872190306133,54.38475020821014,25.954166666666666,3.6999999999999997,81.08333333333333,,,,,,,,,,,,,,0.22265154109434987,2.0,3.5,14.426642955043496,東石
2026-05-09,0.0,0.0,1.5609295428033736,1.5991608078310386,1.5466629043214057,52.318555449426675,23.974999999999998,4.0249999999999995,77.66666666666667,,,,,,,,,,,,,,0.19338330033193246,0.0,3.5,13.486431249821148,東石
2026-05-10,0.0,0.0,1.4988376477109224,1.5255587987996284,1.4959572630779245,50.37878752589859,24.570833333333336,3.4125,83.125,,,,,,,,,,,,,,0.1757545931405798,0.0,3.5,12.94995727622237,東石
2026-05-11,0.0,0.0,1.4474954901098522,1.4712698167691527,1.4469139504819646,48.432167919090666,25.3,2.504166666666667,83.41666666666667,,,,,,,,,,,,,,0.16061721929173195,0.0,3.5,12.506361034549125,東石
2026-05-12,0.0,0.0,1.3995958797441268,1.422172703776534,1.3994784689181803,46.48161942088407,26.133333333333336,2.720833333333333,80.29166666666667,,,,,,,,,,,,,,0.1460026552977053,0.0,2.0,12.092508400989255,東石
2026-05-13,0.0,0.0,1.3536218122525046,1.3753740695458312,1.3535981074155707,44.529548504866796,26.825,1.1708333333333334,77.79166666666667,,,,,,,,,,,,,,0.13149734396960608,0.0,0.0,11.69529245786164,東石
2026-05-14,17.0,25.5,5.1428368140930925,12.391698439604802,1.3651544664761042,51.220473571733784,25.554166666666664,1.7958333333333334,88.125,,,,,,,,,,,,,,0.7112027440637944,17.0,17.0,44.434110073764316,東石
2026-05-15,0.0,0.0,5.183461931592396,8.746671628750537,1.414517108697699,62.98882288245451,26.275000000000002,2.4833333333333334,83.91666666666667,,,,,,,,,,,,,,0.7146199133354433,17.0,17.0,44.78511108895831,東石
2026-05-16,0.0,0.0,2.129080558196094,2.8658590296875572,1.3681437219396704,60.2437854623893,27.587500000000002,1.3958333333333333,77.41666666666667,,,,,,,,,,,,,,0.3281920941852195,17.0,17.0,18.39525602281425,東石
2026-05-17,0.0,0.0,1.4769211332874674,1.642483235796559,1.3232906356334262,57.551677156456854,27.40833333333333,2.025,75.79166666666667,,,,,,,,,,,,,,0.1693573048633753,0.0,17.0,12.760598591603719,東石
2026-05-18,0.0,0.0,1.3109254709358544,1.3606099098581053,1.2799080084017174,54.99626667423573,27.204166666666666,1.9875,77.41666666666667,,,,,,,,,,,,,,0.11757800177294717,0.0,17.0,11.326396068885783,東石
2026-05-19,0.5,0.75,1.4454595039106348,1.7229954060314936,1.2415145427717504,53.05338165580167,26.683333333333334,1.8416666666666668,79.16666666666667,,,,,,,,,,,,,,0.16000592895409269,0.5,17.5,12.488770113787885,東石
2026-05-20,0.0,0.0,1.286621221159794,1.3848863438961274,1.2025668047214912,50.909892070605544,28.075,1.9666666666666668,76.04166666666667,,,,,,,,,,,,,,0.10945071025150364,0.5,17.5,11.11640735082062,東石
2026-05-21,0.0,0.0,1.180112269432793,1.2147264623498433,1.1631419754318268,48.52062965317911,28.3125,1.3291666666666666,81.20833333333333,,,,,,,,,,,,,,0.07192332567543916,0.5,0.5,10.196170007899333,東石
2026-05-22,0.0,0.0,1.12843588905225,1.1497148050902581,1.1250096457841092,46.21265084478514,28.745833333333334,1.2208333333333334,80.54166666666667,,,,,,,,,,,,,,0.052476890111379994,0.0,0.5,9.74968608141144,東石
2026-05-23,0.0,0.0,1.0888191891855896,1.1069372632007648,1.0881274425999494,44.0148587891811,28.65416666666667,1.3083333333333333,79.5,,,,,,,,,,,,,,0.03695576620333937,0.0,0.5,9.407397794563495,東石
2026-05-24,0.0,0.0,1.0525940430859568,1.0696208171759043,1.052454381858981,41.86919672426096,29.28333333333333,1.7291666666666667,79.83333333333333,,,,,,,,,,,,,,0.022260907898417625,0.0,0.5,9.094412532262668,東石
2026-05-25,0.0,0.0,1.0179790202722694,1.0343471833758189,1.0179508231568444,39.76877572805483,29.708333333333332,2.15,78.70833333333333,,,,,,,,,,,,,,0.00773882763347698,0.0,0.5,8.795338735152407,東石
2026-05-26,0.0,0.0,0.9845841185556332,1.0003953976340385,0.9845784256562112,37.75300687013024,29.7,1.7208333333333332,78.20833333333333,,,,,,,,,,,,,,-0.006747173721986818,0.0,0.0,8.50680678432067,東石
2026-05-27,0.0,0.0,0.9523012548584838,0.9675900857443452,0.9523001054819132,35.83843621956152,29.645833333333332,1.625,80.875,,,,,,,,,,,,,,-0.021225643394590342,0.0,0.0,8.2278828419773,東石
2026-05-28,0.0,0.0,0.9210802265679465,0.9358670036346168,0.9210799945128191,34.033613142087894,29.46666666666667,1.7458333333333333,81.04166666666667,,,,,,,,,,,,,,-0.035702540879871056,0.0,0.0,7.958133157547058,東石
2026-05-29,0.0,0.0,0.8908834473757987,0.9051852893970465,0.8908834005246765,32.32222613180025,29.3875,2.7416666666666667,80.125,,,,,,,,,,,,,,-0.05017911018595072,0.0,0.0,7.697232985326901,東石
2026-05-30,0.0,0.0,0.8616767780987048,0.8755097162854314,0.8616767686396264,30.74451958753923,28.537499999999998,2.6458333333333335,74.54166666666667,,,,,,,,,,,,,,-0.0646556109879144,0.0,0.0,7.44488736277281,東石
2026-05-31,0.0,0.0,0.8334276459493101,0.8468070796800493,0.8334276440395553,29.32988577271964,27.108333333333334,4.1499999999999995,70.25,,,,,,,,,,,,,,-0.07913209749033871,0.0,0.0,7.200814861002039,東石
2026-06-01,0.0,0.0,0.8061046362874172,0.819045438634136,0.8061046359018443,28.04535622933552,26.870833333333334,3.154166666666667,77.0,,,,,,,,,,,,,,-0.09360858100787935,0.0,0.0,6.964744057523284,東石
2026-06-02,0.0,0.0,0.7796773825952951,0.7921939347009961,0.7796773825174492,26.76746222488252,28.400000000000002,1.4333333333333333,71.58333333333333,,,,,,,,,,,,,,-0.10808506390235617,0.0,0.0,6.736412585623349,東石
2026-06-03,0.0,0.0,0.7541165175682615,0.7662227282314519,0.7541165175525447,25.45679860184202,29.329166666666666,2.6166666666666667,75.58333333333333,,,,,,,,,,,,,,-0.12256154666677475,0.0,0.0,6.515566711789779,東石
2026-06-04,32.5,48.75,6.913579757687651,16.360955917171225,0.8243782133275871,45.54906826221616,27.733333333333334,3.75,87.16666666666667,,,,,,,,,,,,,,0.8397029773955534,32.5,32.5,59.7333291064213,東石
2026-06-05,9.0,13.5,14.387869035610892,20.75713350700172,1.086967643461441,73.767947013485,27.270833333333332,2.783333333333333,88.70833333333333,,,,,,,,,,,,,,1.1579964760348267,41.5,41.5,124.31118846767811,東石
2026-06-06,0.0,0.0,4.569298713061985,7.858840019213826,1.0860671454585231,72.33729285348501,28.599999999999998,2.225,81.125,,,,,,,,,,,,,,0.6598495505253785,41.5,41.5,39.478740880855554,東石
2026-06-07,31.5,47.25,12.948434376848985,50.81077985080946,1.2491784930205287,79.7376841115001,28.745833333333334,3.3666666666666667,83.66666666666667,,,,,,,,,,,,,,1.1122172601083775,40.5,73.0,111.87447301597523,東石
2026-06-08,88.5,132.75,198.62595506145547,311.92587012412963,4.87661937551238,130.74177077401717,26.633333333333336,3.908333333333333,92.70833333333333,,,,,,,,,,,,,,2.2980359984567085,120.0,161.5,1716.128251730975,東石
2026-06-09,101.5,152.25,337.7742596110185,424.28147978417707,10.920265997091262,144.6957338195779,26.099999999999998,5.120833333333334,92.41666666666667,,,,,,,,,,,,,,2.528626550697289,221.5,263.0,2918.3696030392,東石
2026-06-10,5.5,8.25,230.50611667717376,401.44927322312566,14.605639915106204,144.93252366549504,25.941666666666666,3.9458333333333333,87.33333333333333,,,,,,,,,,,,,,2.3626824542545104,195.5,268.5,1991.5728480907812,東石
2026-06-11,0.0,0.0,59.62151844329457,102.5090319396205,14.209615222385061,140.5436114720633,26.3125,1.5416666666666667,83.5,,,,,,,,,,,,,,1.7754030324672656,107.0,236.0,515.129919350065,東石
2026-06-12,3.0,4.5,31.693927499792252,42.06307260066792,13.911024965772834,136.50951647048117,26.22083333333333,1.3625,89.375,,,,,,,,,,,,,,1.5009760601369322,8.5,230.0,273.8355335982051,東石
2026-06-13,0.0,0.0,18.163761166115535,22.75976552723803,13.501948846789702,131.94601913198198,27.677083333333332,1.6666666666666667,78.70833333333333,,,,,,,,,,,,,,1.259205782762069,3.0,230.0,156.93489647523822,東石
2026-06-14,93.0,139.5,168.90818267250606,431.92258550198807,15.32510382960624,135.72636552286698,26.420833333333334,4.291666666666667,88.875,,,,,,,,,,,,,,2.2276506892598,96.0,291.5,1459.3666982904524,東石
2026-06-15,68.5,102.75,393.33465651002206,571.7828356183265,22.529262179430464,146.94840579736052,25.316666666666666,4.395833333333333,91.75,,,,,,,,,,,,,,2.5947622135543473,161.5,271.5,3398.4114322465903,東石
2026-06-16,12.0,18.0,183.8411777611292,288.67388705881274,24.411190316050888,144.65937770863437,26.629166666666666,3.6999999999999997,85.79166666666667,,,,,,,,,,,,,,2.264442793619672,173.5,182.0,1588.3877758561562,東石
2026-06-17,0.0,0.0,75.7502391615528,124.55650906666648,24.208559958327104,140.67614379203653,28.59583333333333,3.0541666666666667,81.58333333333333,,,,,,,,,,,,,,1.8793840083476587,80.5,176.5,654.4820663558162,東石
2026-06-18,0.0,0.0,33.8209945239068,43.97223827166071,23.414908961177975,135.3849623557323,28.995833333333334,1.8083333333333333,85.5,,,,,,,,,,,,,,1.5291863741042546,12.0,176.5,292.21339268655476,東石
2026-06-19,0.0,0.0,24.748229379641156,27.085407100201287,22.647276938571746,130.03286995836794,29.275000000000002,2.0,82.75,,,,,,,,,,,,,,1.393544132636906,0.0,173.5,213.8247018400996,東石
2026-06-20,0.0,0.0,22.32898586938572,23.07909969530272,21.90481088706143,124.64438197435697,29.104166666666668,1.4458333333333335,81.20833333333333,,,,,,,,,,,,,,1.34886899887389,0.0,173.5,192.9224379114926,東石
2026-06-21,0.0,0.0,21.272325219931073,21.69289438991959,21.186685767979355,119.35234294864797,28.787499999999998,1.5250000000000001,81.08333333333333,,,,,,,,,,,,,,1.3278149640443544,0.0,80.5,183.79288990020447,東石
2026-06-22,0.0,0.0,20.509393897794634,20.85460622159605,20.492103590642614,114.03876810481393,29.15833333333333,1.55,79.95833333333333,,,,,,,,,,,,,,1.3119528261054352,0.0,12.0,177.20116327694564,東石
2026-06-23,0.0,0.0,19.823783378423716,20.145247739714414,19.820292525614665,108.58616294162778,29.724999999999998,1.5791666666666666,78.66666666666667,,,,,,,,,,,,,,1.297186543366671,0.0,0.0,171.2774883895809,東石
2026-06-24,0.0,0.0,19.17121083806465,19.47962665798736,19.17050604703767,103.05182107804514,29.84583333333333,1.8083333333333333,82.75,,,,,,,,,,,,,,1.282649543430131,0.0,0.0,165.63926164087854,東石
2026-06-25,52.0,78.0,44.06295636709308,205.90588428395807,18.87348064437207,103.98624412938695,28.166666666666668,2.5,88.33333333333333,,,,,,,,,,,,,,1.6440736324162424,52.0,52.0,380.7039430116842,東石
2026-06-26,116.0,174.0,434.26130423779483,625.8196115257921,26.484651174965233,144.83031076377696,26.02916666666667,4.05,93.16666666666667,,,,,,,,,,,,,,2.6377511323677214,168.0,168.0,3752.017668614548,東石
2026-06-27,174.0,261.0,800.6052178807531,1233.5556726317272,40.31640900478303,148.4001082820831,25.95,3.8874999999999997,93.25,,,,,,,,,,,,,,2.903418416258012,342.0,342.0,6917.229082489706,東石
2026-06-28,0.0,0.0,249.01139937843504,444.7129841201845,41.38992647984235,144.02793373152087,28.920833333333334,1.4416666666666667,83.58333333333333,,,,,,,,,,,,,,2.3962192289183553,290.0,342.0,2151.458490629679,東石
2026-06-29,2.0,3.0,85.09099146218031,121.9710433351728,40.07676526036405,138.70832405432128,29.575,1.0791666666666666,83.08333333333333,,,,,,,,,,,,,,1.9298835839934312,176.0,344.0,735.1861662332379,東石
2026-06-30,0.0,0.0,51.32695910661772,63.65999114938492,38.86229546930844,133.63312579578704,29.258333333333336,1.9875,82.5,,,,,,,,,,,,,,1.710345535012052,2.0,344.0,443.46492668117713,東石
2026-07-01,0.0,0.0,40.10481006595139,43.07227074936444,37.58823787960405,128.14352982321302,29.666666666666668,2.1374999999999997,81.41666666666667,31.63090277777778,31.5,31.7,0.04920855417611728,25.315624999999997,,,,,,48.99201388888889,288.0,,1.603196463887553,2.0,344.0,346.50555896982,東石
2026-07-02,13.5,20.25,49.14776563649192,102.66528588644775,36.5155397747248,124.10935179656876,29.679166666666664,1.2166666666666666,83.70833333333333,31.82369337979094,31.7,31.9,0.05543486751530308,25.304529616724736,,,,,,49.232752613240415,287.0,,1.6915037786523988,13.5,305.5,424.6366950992902,東石
2026-07-03,0.0,0.0,60.26623093118878,83.72328987312486,35.90932276552372,124.15521330792275,29.7,1.3125,78.70833333333333,32.01215277777778,31.9,32.1,0.056230773803777195,25.276041666666668,,,,,,49.502430555555556,288.0,,1.7800740314053394,13.5,189.5,520.700235245471,東石
2026-07-04,0.0,0.0,39.64965008398295,44.82673266735161,34.73207513621957,118.52066269258377,30.254166666666666,2.35,76.08333333333333,32.22430555555556,32.1,32.4,0.06858096542920179,25.160416666666666,,,,,,49.78055555555555,288.0,,1.5982393589356931,13.5,15.5,342.57297672561265,東石
2026-07-05,0.0,0.0,34.58626353383351,36.05821880747124,33.59342227490233,112.89641282660602,30.016666666666666,2.4166666666666665,79.0,31.806944444444444,30.0,32.6,0.736991982026801,25.169444444444444,,,,,,50.08298611111111,288.0,,1.5389036463078285,0.0,15.5,298.8253169323215,東石
2026-07-06,0.0,0.0,32.69255008767604,33.40246350243987,32.49209889457641,107.29609074788415,30.004166666666666,2.3041666666666667,76.29166666666667,32.672222222222224,32.5,32.8,0.07224083264791421,25.1625,,,,,,50.36631944444444,288.0,,1.5144487977847654,0.0,13.5,282.463632757521,東石
2026-07-07,0.0,0.0,31.46735158720259,32.00988047998973,31.4268811892879,101.76060316805592,30.05,2.183333333333333,76.25,31.66328671328671,27.7,33.0,1.1328035559859448,29.804895104895106,,,,,,48.532167832167836,286.0,,1.4978601925648058,0.0,13.5,271.8779177134304,東石
2026-07-08,0.0,0.0,30.404756306635182,30.900403519621356,30.39658547421435,96.42670944170537,30.233333333333334,1.3125,75.83333333333333,30.879622641509435,29.1,31.9,0.6405784621356595,32.71805555555555,,,,,,43.29201388888889,265.0,,1.4829415269031794,0.0,13.5,262.697094489328,東石
2026-07-09,0.0,0.0,29.40171653295248,29.875240224015997,29.400066870337596,91.42642784220794,29.75,2.5208333333333335,78.91666666666667,31.29895470383275,28.3,32.5,0.7247128353667247,33.847569444444446,,,,,,48.131249999999994,287.0,,1.4683726861613917,0.0,0.0,254.0308308447094,東石
2026-07-10,0.0,0.0,28.436551093375968,28.893364835967724,28.436218032238155,86.72144363173955,29.912499999999998,5.716666666666666,77.41666666666667,30.97673611111111,28.6,32.2,0.8616371499672181,30.96701388888889,,,,,,46.127430555555556,288.0,,1.4538769221581493,0.0,0.0,245.69180144676835,東石
2026-07-11,13.5,20.25,41.960282729521914,56.43611879664994,27.75989170962878,90.95887230023374,28.045833333333334,6.804166666666667,84.41666666666667,31.054310344827588,30.0,31.9,0.5351525641398978,25.655603448275862,,,,,,43.12456896551724,232.0,,1.622838405819365,13.5,13.5,362.53684278306935,東石
2026-07-12,0.0,0.0,33.605753386637964,40.25298655648036,26.990877838417223,90.84933880008809,30.395833333333332,5.166666666666667,80.75,31.08298611111111,30.0,31.9,0.5321268611168822,30.059375000000003,,,,,,43.29756944444445,288.0,,1.5264136360258034,13.5,13.5,290.353709260552,東石
2026-07-13,0.0,0.0,27.441531951613868,29.115196702329044,26.106011611460115,86.06984214116177,30.245833333333334,3.4250000000000003,75.75,31.098958333333332,30.0,31.9,0.531678321900654,29.652430555555554,,,,,,43.58402777777778,288.0,,1.4384083526455402,13.5,13.5,237.09483606194382,東石
2026-07-14,0.0,0.0,25.519791656362514,26.178438742515862,25.25015474997443,81.58395047694334,30.066666666666666,4.816666666666666,75.08333333333333,31.064583333333335,29.3,31.9,0.5437601374760873,26.622569444444444,,,,,,44.33541666666667,288.0,,1.4068771244824536,0.0,13.5,220.49099991097214,東石
2026-07-15,1.0,1.5,25.47970142442712,26.53337643475623,24.44211158294242,78.2705307372637,29.650000000000002,4.179166666666666,78.83333333333333,31.50590277777778,30.5,31.9,0.20886256820320367,30.047916666666666,,,,,,48.08923611111111,288.0,,1.4061943345548562,1.0,14.5,220.14462030705033,東石
2026-07-16,1.0,1.5,24.379051933378133,25.466457238168,23.650741065625258,74.79932170835461,29.370833333333334,3.091666666666667,79.16666666666667,31.51602787456446,31.3,32.1,0.22161416556964195,24.954355400696862,,,,,,48.19512195121951,287.0,,1.3870168125166435,2.0,15.5,210.63500870438708,東石
2026-07-17,0.5,0.75,23.735544140745784,24.500150690495047,22.89265134033764,72.06081347686192,28.616666666666664,3.7291666666666665,80.20833333333333,31.727083333333333,31.7,31.8,0.044516371337667074,22.672916666666666,,,,,,48.55659722222222,288.0,,1.3753991924316464,2.5,16.0,205.07510137604356,東石
2026-07-18,0.5,0.75,22.780084975654347,23.281260369546423,22.152252172733156,69.24442734845265,28.670833333333334,2.7083333333333335,79.91666666666667,31.90868055555556,31.8,32.0,0.07249410912295486,21.70590277777778,,,,,,48.82118055555556,288.0,,1.357555339777715,2.0,3.0,196.81993418965357,東石
2026-07-19,1.5,2.25,22.61318213822943,24.008510441146626,21.44632596200243,67.38376114220095,28.016666666666666,2.858333333333333,82.95833333333333,32.09861111111111,32.0,32.2,0.07032637810946024,21.739583333333332,,,,,,49.06944444444444,288.0,,1.3543616807811103,2.5,4.5,195.37789367430227,東石
2026-07-20,11.5,17.25,29.221887752155283,38.819568263623246,20.89509659482107,73.95966854010624,28.212500000000002,2.4875,81.70833333333333,32.29340277777778,32.2,32.4,0.07271406647026459,21.785416666666666,,,,,,49.34236111111111,288.0,,1.4657082681986398,13.5,16.0,252.47711017862161,東石
2026-07-21,1.5,2.25,25.02995242497076,28.00915398781121,20.305564144739993,75.93033342716956,29.45,1.8208333333333335,81.25,31.57177700348432,29.5,32.6,0.921805376907664,24.683680555555554,,,,,,48.48298611111111,287.0,,1.3984600241350986,14.5,17.5,216.25878895174736,東石
2026-07-22,0.0,0.0,20.7378539962675,22.07873880371563,19.646191571324454,72.40274652945793,29.8125,1.7375,77.91666666666667,31.28923611111111,29.7,32.0,0.44092329460213714,32.43159722222222,5.845138888888888,1.7715277777777778,8.052430555555555,5.264930555555555,25.705555555555556,47.21388888888889,288.0,,1.3167638125255294,13.0,16.5,179.1750585277512,東石
2026-07-23,0.0,0.0,19.222515643360495,19.734609887126716,19.002112800938892,68.68376820118313,30.191666666666666,1.5999999999999999,77.125,31.388541666666665,29.2,32.0,0.48837420500216566,33.41284722222222,5.520138888888889,1.9836805555555554,7.986458333333333,4.652083333333334,19.76909722222222,47.52361111111111,288.0,,1.2838102230066828,1.5,15.5,166.08253515863467,東石
2026-07-24,0.0,0.0,18.423648010684374,18.760499135678856,18.37914944424333,65.17366602969626,29.495833333333334,2.7291666666666665,81.08333333333333,31.15435540069686,28.9,32.0,0.6396351007096847,33.49616724738676,6.332055749128919,0.8658536585365854,8.078745644599303,3.126829268292683,18.003832752613242,46.87421602787456,287.0,,1.2653756277092283,0.0,15.0,159.180318812313,東石
2026-07-25,9.5,14.25,21.908224889639584,28.785544705531375,17.8378029362909,66.4419245113635,28.6125,1.7541666666666667,83.25,30.79513888888889,29.5,31.4,0.4546821627735205,32.384375000000006,5.745833333333334,0.3802083333333333,8.186805555555555,5.202430555555555,19.040625,47.02638888888889,288.0,,1.3406071903464052,9.5,24.0,189.287063046486,東石
2026-07-26,14.5,21.75,29.742232915932593,43.71241040236047,17.47969243979915,77.45346711672657,27.858333333333334,1.0999999999999999,87.5,31.604166666666668,29.7,32.2,0.5266255736037887,31.423958333333335,6.179166666666666,0.6083333333333333,8.16284722222222,3.5809027777777778,20.05902777777778,47.29618055555555,288.0,,1.4733735703280049,24.0,37.0,256.9728923936576,東石
2026-07-27,0.5,0.75,24.68743424974387,31.475351417913753,17.07292553124675,82.9663858092638,27.78333333333333,2.0166666666666666,83.70833333333333,31.59201388888889,29.9,32.6,0.5155141270008403,31.201736111111114,6.3,0.6079861111111111,8.183680555555554,2.3920138888888887,19.33923611111111,47.48645833333333,288.0,,1.3924759563118438,24.5,26.0,213.29943191778702,東石
2026-07-28,0.0,0.0,18.309939766555683,20.25552511332523,16.521155088380763,79.42969891017746,29.170833333333334,2.4499999999999997,78.33333333333333,31.553124999999998,30.0,32.6,0.5962635910692938,31.315277777777776,6.377083333333334,0.628125,8.19375,2.2642361111111113,18.898958333333333,46.284375,288.0,,1.2626869156236233,15.0,24.5,158.1978795830411,東石
2026-07-29,0.0,0.0,16.340676598007803,16.93646339227277,15.979527200042094,75.49410747774137,29.462500000000002,2.0875,81.5,31.421527777777776,30.0,32.2,0.5281171861357163,31.56736111111111,6.498263888888889,0.6503472222222222,8.198958333333332,6.847916666666666,19.174305555555556,45.907986111111114,288.0,,1.2132700348584395,0.5,24.5,141.18344580678743,東石
2026-07-30,0.0,0.0,15.528570791896009,15.845183486186963,15.455655985970866,71.76799483095805,29.3,1.3166666666666667,83.41666666666667,31.035531135531137,30.0,31.9,0.4830408732604832,31.52638888888889,6.4638888888888895,0.7048611111111112,8.2,7.510763888888889,19.68298611111111,43.92638888888889,273.0,,1.191131486265852,0.0,24.5,134.1668516419815,東石
2026-07-31,0.0,0.0,14.96368055856866,15.217492661480359,14.948959313142119,68.21473118184944,29.570833333333336,1.1041666666666667,78.16666666666667,31.227430555555557,30.1,31.9,0.44928630439172895,32.157986111111114,6.4163194444444445,0.7982638888888889,8.202430555555555,6.701041666666667,20.85659722222222,47.59826388888889,288.0,,1.1750384284000168,0.0,24.5,129.2862000260332,東石
2026-08-01,0.0,0.0,14.461846301313656,14.69675387824584,14.458874133121492,64.82795325752271,29.645833333333332,1.0541666666666667,76.54166666666667,31.887847222222224,28.3,32.9,0.7149656195963556,32.10069444444444,6.489583333333333,2.8774305555555557,7.918402777777778,20.758333333333333,20.508333333333333,48.10104166666667,288.0,1.39875,1.1602237415951715,0.0,15.0,124.95035204335,東石
2026-08-02,0.0,0.0,13.985455926806809,14.210525530299211,13.98485585639792,61.59031456257306,29.65833333333333,1.5666666666666667,76.45833333333333,31.508680555555557,29.4,32.9,0.6239368619533702,32.253125,6.748611111111111,2.9604166666666667,7.94201388888889,27.897916666666667,21.65138888888889,48.282986111111114,288.0,1.3466499999999992,1.1456766289677391,0.0,0.5,120.83433920761084,東石
2026-08-03,0.0,0.0,13.52649889935425,13.743758433717796,13.52637774722814,58.568022546354975,29.191666666666666,2.379166666666667,81.75,32.01875,31.0,32.9,0.5782912170414803,32.421875,6.4,2.9361111111111113,7.883680555555555,31.975347222222222,20.691666666666666,43.1,288.0,1.4499833333333327,1.1311854015161174,0.0,0.0,116.8689504904207,東石
2026-08-04,0.5,0.75,13.341427076491245,13.758129668231987,13.08800630889653,56.22422135226633,29.691666666666666,1.4749999999999999,80.95833333333333,32.11354166666667,31.0,32.9,0.5959128724637025,32.63854166666667,6.4,2.910763888888889,7.89513888888889,32.46736111111111,20.684375000000003,43.1,288.0,1.383941666666667,1.1252022867242366,0.5,0.5,115.26992994088435,東石
2026-08-05,0.0,0.0,12.732324769664265,13.003568856667352,12.659928808792593,53.47800618476796,30.09583333333333,1.8375000000000001,78.41666666666667,32.156445993031355,31.0,32.9,0.5959231391776236,33.20313588850174,6.4,2.7470383275261323,7.90801393728223,31.772822299651565,20.5411149825784,43.1,287.0,1.7297499999999995,1.104907707853003,0.5,0.5,110.00728600989925,東石
2026-08-06,0.5,0.75,12.39500650071903,12.642505119716738,12.24692412565156,51.08156189493493,29.754166666666666,2.4125,81.75,32.155902777777776,31.0,32.9,0.6151682166414124,33.68611111111111,6.4,2.738888888888889,7.89513888888889,32.48784722222222,20.394444444444446,43.1,288.0,1.7950500000000003,1.0932467588751724,1.0,1.0,107.09285616621243,東石
2026-08-07,0.0,0.0,11.963572071823597,12.26213130229474,11.848227088919925,48.91913430225383,29.616666666666664,3.85,81.33333333333333,32.13986013986014,31.0,32.9,0.6233626817528318,33.39650349650349,6.4,2.7244755244755248,7.922727272727273,31.9972027972028,22.803846153846152,43.1,286.0,1.9357833333333334,1.0778608702428123,0.5,1.0,103.36526270055587,東石
2026-08-08,0.0,0.0,11.483083752986802,11.688929839902034,11.4597960025704,46.50552729597814,29.84166666666667,2.3125,78.875,32.11805555555556,31.0,32.9,0.5634825483266381,33.58611111111111,6.4,2.736111111111111,7.985763888888889,32.27291666666667,24.041319444444444,43.1,288.0,1.8034666666666659,1.0600585324053868,0.5,1.0,99.21384362580596,東石
2026-08-09,0.0,0.0,11.088800917646426,11.271156256434558,11.084099201925426,44.193811561950916,29.59583333333333,3.1958333333333333,78.41666666666667,32.137630662020904,31.0,32.9,0.5837951217947742,32.61010452961673,6.4,2.713937282229965,7.982926829268292,32.29651567944251,23.742508710801395,43.1,287.0,1.8938833333333323,1.0448845864553564,0.0,1.0,95.80723992846511,東石
2026-08-10,0.0,0.0,10.721668467474698,10.894665272926424,10.720719207442025,41.97345971932956,30.291666666666668,3.6833333333333336,77.375,32.04807692307692,31.0,32.9,0.5784716865409187,31.206271777003487,6.475609756097561,2.7282229965156795,7.95540069686411,36.097909407665504,24.83658536585366,41.15017421602788,260.0,1.5392583333333336,1.030262373960694,0.0,1.0,92.6352155589814,東石
2026-08-11,7.5,11.25,12.478406414548154,14.534684096362112,10.411607441277189,48.72095060262362,30.083333333333332,2.9333333333333336,82.75,32.106944444444444,31.0,32.9,0.6064292907732125,31.423958333333335,6.105208333333334,2.7041666666666666,8.05,43.93888888888889,23.918055555555554,48.71979166666667,288.0,2.3178833333333326,1.0961591262471644,7.5,8.0,107.81343142169605,東石
2026-08-12,2.0,3.0,11.305382223719603,12.352847167549427,10.088896858959762,49.40154002974601,29.9375,2.5875,85.125,31.788194444444443,31.0,32.0,0.196660810164971,31.964930555555554,6.068402777777778,2.8711805555555556,7.9229166666666675,29.489930555555556,22.530208333333334,49.686458333333334,288.0,2.3892916666666673,1.0532852499937302,9.5,10.0,97.67850241293738,東石
2026-08-13,36.0,54.0,34.98950369823152,58.45682554920666,10.238655666181243,82.8964997288558,29.358333333333334,3.0500000000000003,83.33333333333333,31.733449477351915,31.0,32.0,0.24250214487856478,31.98815331010453,6.126132404181185,2.802090592334495,7.867595818815331,23.317770034843203,18.9191637630662,48.23484320557491,287.0,2.3680000000000003,1.5439377823614988,45.5,45.5,302.30931195272035,東石
2026-08-14,7.5,11.25,26.809568016859732,39.03776195353508,10.194608505289194,91.16193404442488,29.145833333333332,3.775,82.08333333333333,31.746315789473687,31.0,32.0,0.24999036304627995,31.725614035087716,6.212631578947368,2.540701754385965,7.8831578947368435,20.902105263157896,18.68315789473684,48.87824561403509,285.0,2.2515916666666675,1.428289816243023,45.5,53.0,231.63466766566808,東石
2026-08-15,10.5,15.75,25.758123231809943,40.02881032003693,10.105460013260933,94.51991967986618,28.133333333333336,3.829166666666667,84.125,31.58402777777778,31.1,32.0,0.35242577876667125,30.940624999999997,6.184374999999999,2.476388888888889,7.878472222222222,20.78576388888889,19.055555555555557,48.994791666666664,288.0,2.0421416666666667,1.4109142166162865,54.0,63.5,222.5501847228379,東石
2026-08-16,0.0,0.0,16.739255438175896,23.312279912599443,9.911501844696806,94.33791342272137,28.925,2.5458333333333334,83.08333333333333,31.564335664335662,31.1,32.0,0.35171870626628005,30.762937062937066,6.21958041958042,2.5416083916083916,7.877972027972028,24.227272727272727,22.247552447552447,49.0013986013986,286.0,1.7504249999999992,1.2237361366749806,18.0,63.5,144.62716698583975,東石
2026-08-17,0.0,0.0,10.96506384039678,12.413907891595086,9.586564164147854,89.85725514928015,29.483333333333334,1.7583333333333335,82.29166666666667,31.554166666666667,30.1,32.1,0.4596430974174236,31.45659722222222,6.361458333333333,2.660763888888889,7.879166666666667,25.541319444444444,22.50347222222222,49.47708333333333,288.0,1.704608333333333,1.040011164554475,10.5,63.5,94.73815158102819,東石
2026-08-18,0.0,0.0,9.550593492559049,9.960891155195085,9.272279207867632,85.45163467744449,29.933333333333334,1.4083333333333332,83.08333333333333,31.987412587412585,30.1,32.9,0.5605595115743176,32.1520979020979,6.506993006993007,2.6884615384615382,7.874475524475524,29.348951048951047,21.002797202797204,49.44580419580419,286.0,1.6047083333333334,0.9800303603308372,0.0,56.0,82.51712777571018,東石
2026-08-19,1.0,1.5,9.419282962889229,11.058052619365649,8.973420206388163,81.4970143999932,29.208333333333332,2.3041666666666667,84.33333333333333,31.768531468531467,31.0,32.0,0.2087286765391028,32.49650349650349,6.7629370629370635,2.701748251748252,7.898951048951049,49.1027972027972,22.1513986013986,48.36538461538461,286.0,1.6260083333333333,0.9740178436513706,1.0,55.0,81.38260479936294,東石
2026-08-20,15.0,22.5,20.360360552517225,35.50707916377513,8.866988987419962,85.37565023941603,27.0625,3.9375,87.625,31.25034965034965,30.1,32.8,0.6232201746474519,31.507342657342658,6.210839160839161,2.6828671328671327,7.871328671328672,63.14090909090909,25.01993006993007,49.304545454545455,286.0,1.6086818181818185,1.308785464459525,16.0,34.0,175.91351517374883,東石
2026-08-21,4.0,6.0,22.40793535215454,27.934530943152723,8.873866901846137,92.03384268020612,27.204166666666666,4.05,89.66666666666667,31.713588850174215,31.0,35.6,0.5751162955800156,30.68815331010453,6.29198606271777,2.5533101045296167,7.842857142857143,66.26515679442508,22.066550522648086,49.21324041811847,287.0,1.4585750000000002,1.3504018428592885,20.0,30.5,193.60456144261522,東石
2026-08-22,87.0,130.5,154.83213798239268,278.94363535244514,10.946743019807121,119.19901904243045,25.770833333333332,4.666666666666667,94.20833333333333,31.751048951048947,31.0,35.6,0.6750040553866092,29.803146853146856,5.984965034965035,2.4923076923076923,7.823426573426573,63.608741258741254,24.146503496503495,47.29300699300699,286.0,1.3576499999999991,2.18986111073817,106.0,107.0,1337.7496721678729,東石
2026-08-23,96.5,144.75,273.1306721680054,487.2778787670234,15.691094208075201,142.1498376743817,25.52916666666667,3.966666666666667,95.70833333333333,31.697894736842105,31.0,35.6,0.5711945009318076,28.61684210526316,5.871228070175438,2.1887719298245614,7.890526315789473,74.24245614035087,22.861754385964915,43.1,285.0,1.3410583333333335,2.4363704735023637,187.5,203.5,2359.8490075315667,東石
2026-08-24,185.0,277.5,834.2528283121719,1118.1947790772347,31.289276893871712,148.7280639348775,25.708333333333332,6.820833333333333,94.875,31.18159722222222,30.0,35.6,0.8558315337777033,23.51111111111111,6.202083333333333,0.3003472222222222,8.159027777777776,6.046527777777778,32.11701388888889,43.1,288.0,1.4450416666666666,2.9212976876891763,368.5,388.5,7207.944436617166,東石
2026-08-25,108.0,162.0,667.0877014851418,794.7343782180852,40.68084117929817,148.33928012773887,25.266666666666666,2.779166666666667,96.45833333333333,31.6787456445993,31.1,32.8,0.4538889779537363,24.547386759581883,6.03205574912892,1.5188153310104529,7.979442508710801,20.56689895470383,24.22404181184669,43.1,287.0,1.6774666666666658,2.824182934017336,389.5,496.5,5763.637740831625,東石
2026-08-26,3.5,5.25,245.34659440142502,412.73102492920725,42.10575835266736,145.05121763210573,27.608333333333334,1.9541666666666666,88.83333333333333,31.730313588850176,31.0,35.6,0.5830540277026577,28.631358885017423,5.8864111498257845,2.5264808362369338,7.934843205574913,30.45679442508711,17.245644599303137,43.1,287.0,1.8193416666666666,2.3897800340188553,296.5,499.0,2119.7945756283125,東石
2026-08-27,0.0,0.0,82.32411730426797,122.03057815389457,40.752110294558854,140.28242851255524,28.7375,1.5791666666666666,88.66666666666667,31.574305555555554,31.0,32.8,0.39016596625459715,29.82881944444445,5.782291666666667,2.125,8.033333333333333,31.655208333333334,17.021180555555556,34.128819444444446,288.0,1.9445583333333338,1.915527082816186,111.5,484.0,711.2803735088753,東石
2026-08-28,0.0,0.0,47.80934066682553,56.326619688489075,39.41609720551583,135.2856377892586,29.3125,2.670833333333333,86.25,30.703125,30.0,31.9,0.5638567648077987,30.454166666666666,6.288541666666666,1.9017361111111113,8.116319444444445,27.151041666666668,18.39340277777778,35.795833333333334,288.0,1.7521916666666661,1.6795127544313284,3.5,480.0,413.07270336137253,東石
2026-08-29,2.0,3.0,44.40476099853702,51.219954249238995,38.201484215837574,130.81468486779474,28.058333333333334,3.7583333333333333,87.16666666666667,31.174652777777776,30.0,33.3,0.5536227387457724,30.05902777777778,6.179861111111111,1.8218750000000001,8.105208333333332,24.80625,19.03611111111111,32.97326388888889,288.0,1.957733333333333,1.6474295368836018,2.0,395.0,383.65713502735986,東石
2026-08-30,3.0,4.5,45.01362904411031,55.06873735845569,37.08481679496611,126.98447785277243,28.133333333333336,3.5583333333333336,85.04166666666667,31.1875,30.3,32.4,0.4264552866341998,29.840625000000003,6.140277777777778,2.4701388888888887,8.102083333333333,25.537152777777777,17.61111111111111,37.47604166666667,288.0,1.8292666666666668,1.6533440276085,5.0,301.5,388.91775494111306,東石
2026-08-31,2.0,3.0,42.622080419137276,45.76188400837045,35.99720502046818,123.36498032976768,27.141666666666666,4.222916666666666,83.66666666666667,31.395035460992908,31.0,32.4,0.2906187389124828,29.229616724738676,6.272473867595819,2.5303135888501744,8.153658536585365,50.510104529616726,24.529965156794425,40.76968641114983,282.0,1.8264750000000007,1.6296346441698386,7.0,118.5,368.2547748213461,東石
2026-09-01,69.0,103.5,189.93788029579056,325.2722238936713,37.42965547192649,133.95024392110759,25.95,4.245833333333334,92.91666666666667,,,,,,,,,,,,,,2.2786115869742543,74.0,79.5,1641.0632857556304,東石
2026-09-02,18.5,27.75,169.9742953048059,210.98962903172537,38.978180360841705,140.3820952148335,27.375,3.6374999999999997,88.91666666666667,,,,,,,,,,,,,,2.2303832493115485,89.5,94.5,1468.577911433523,東石
2026-09-03,21.5,32.25,141.4572557526885,191.75363872864534,39.319264410131815,140.18872489455092,27.079166666666666,3.891666666666667,91.625,,,,,,,,,,,,,,2.150625228587198,109.0,116.0,1222.1906897032286,東石
2026-09-04,0.0,0.0,75.10241203736682,109.98887889308908,38.62504848313409,137.26773882419357,28.104166666666668,1.5541666666666665,86.25,,,,,,,,,,,,,,1.8756538853090516,40.0,116.0,648.8848400028493,東石
2026-09-05,7.5,11.25,63.002553282475844,78.51317871912852,37.677495533970934,134.0250308900252,28.09166666666667,1.9541666666666666,85.125,,,,,,,,,,,,,,1.7993581503110447,29.0,121.5,544.3420603605913,東石
2026-09-06,0.0,0.0,46.715759729926106,56.777518712662285,36.63078301846365,130.2662588678074,27.71666666666667,3.9333333333333336,75.54166666666667,,,,,,,,,,,,,,1.6694634160934774,7.5,118.5,403.62416406656155,東石
2026-09-07,0.0,0.0,37.466004790822375,39.947486858217594,35.429883108720915,125.62899628596212,28.383333333333336,2.3833333333333333,73.79166666666667,,,,,,,,,,,,,,1.5736373843185603,7.5,116.5,323.7062813927053,東石
2026-09-08,0.0,0.0,34.67943925878005,35.61573548430656,34.268353380950344,120.96036112219424,27.849999999999998,2.025,74.33333333333333,,,,,,,,,,,,,,1.5400720666361676,0.0,47.5,299.63035519585964,東石
2026-09-09,0.0,0.0,33.22789993439275,33.837957895946474,33.14490312706216,116.44970737538704,27.558333333333334,2.7416666666666667,73.95833333333333,,,,,,,,,,,,,,1.5215028939201256,0.0,29.0,287.08905543315336,東石
2026-09-10,0.0,0.0,32.07504071981563,32.605429535657166,32.058283953410914,111.95973160179773,27.545833333333334,2.8125,76.83333333333333,,,,,,,,,,,,,,1.5061672163916273,0.0,7.5,277.12835181920707,東石
2026-09-11,0.0,0.0,31.01067152635294,31.511625151731447,31.007288393562977,107.56605412698298,26.870833333333334,2.1875,80.41666666666667,,,,,,,,,,,,,,1.4915111708497684,0.0,7.5,267.9322019876894,東石
2026-09-12,0.0,0.0,29.991431609273153,30.473529778661966,29.990748566542948,103.21185144569215,27.504166666666666,1.1291666666666667,86.45833333333333,,,,,,,,,,,,,,1.4769971968421642,0.0,0.0,259.12596910412003,東石
2026-09-13,0.0,0.0,29.00767278301686,29.473474833136198,29.00753487906799,98.82758626308869,28.28333333333333,1.8458333333333332,87.0,,,,,,,,,,,,,,1.4625128877810916,0.0,0.0,250.62629284526565,東石
2026-09-14,0.0,0.0,28.05658261265502,28.50701471159605,28.056554770327924,94.51642709484997,28.245833333333334,2.5166666666666666,84.04166666666667,,,,,,,,,,,,,,1.4480347713662471,0.0,0.0,242.4088737733394,東石
2026-09-15,0.0,0.0,27.136757119185294,27.572402280713007,27.136751497916396,90.47276655791437,28.191666666666666,2.4791666666666665,78.375,,,,,,,,,,,,,,1.4335579476203004,0.0,0.0,234.46158150976095,東石
2026-09-16,0.0,0.0,26.247104098478548,26.668463071494735,26.247102963563933,86.65769020213314,27.412499999999998,3.025,73.16666666666667,,,,,,,,,,,,,,1.4190813937065723,0.0,0.0,226.77497941085463,東石
2026-09-17,0.0,0.0,25.38662080650332,25.794165173360625,25.38662057736801,83.20818023226472,26.745833333333334,2.433333333333333,78.20833333333333,,,,,,,,,,,,,,1.404604896117606,0.0,0.0,219.34040376818868,東石
2026-09-18,0.0,0.0,24.55434820551976,24.948531514072155,24.554348159258137,79.80823622246182,27.65833333333333,2.0375,83.08333333333333,,,,,,,,,,,,,,1.3901284102858624,0.0,0.0,212.14956849569072,東石
2026-09-19,0.0,0.0,23.74936088581524,24.130621295129426,23.74936087647518,76.48193628225887,27.879166666666666,2.408333333333333,79.70833333333333,,,,,,,,,,,,,,1.3756519269083192,0.0,0.0,205.19447805344367,東石
2026-09-20,0.0,0.0,22.970764217769972,23.339525417420152,22.970764215884248,73.24502348327941,28.245833333333334,2.1625,78.83333333333333,,,,,,,,,,,,,,1.3611754440430657,0.0,0.0,198.46740284153256,東石
2026-09-21,0.0,0.0,22.217692990359883,22.57436475853888,22.217692989979167,70.12396028563244,28.304166666666664,2.3666666666666667,75.33333333333333,,,,,,,,,,,,,,1.3466989612847469,0.0,0.0,191.9608674367094,東石
2026-09-22,0.0,0.0,21.489310375550925,21.834289052047318,21.48931037547406,67.16503432369531,27.954166666666666,2.3041666666666667,71.25,,,,,,,,,,,,,,1.3322224785487502,0.0,0.0,185.66764164475998,東石
2026-09-23,0.0,0.0,20.78480698342906,21.118475913604083,20.78480698341354,64.34171618375017,27.991666666666664,2.1791666666666667,75.91666666666667,,,,,,,,,,,,,,1.317745995817413,0.0,0.0,179.58073233682708,東石
2026-09-24,0.0,0.0,20.103399959771547,20.426129921256287,20.103399959768414,61.69533759882278,27.6875,2.220833333333333,79.75,,,,,,,,,,,,,,1.3032695130870482,0.0,0.0,173.69337565242617,東石
2026-09-25,0.0,0.0,19.44433211551796,19.75648173037168,19.444332115517323,59.13863670798855,27.933333333333334,1.7291666666666667,81.04166666666667,,,,,,,,,,,,,,1.2887930303568862,0.0,0.0,167.99902947807516,東石
2026-09-26,0.0,0.0,18.80687108524783,19.108787218493156,18.806871085247703,56.67936899510267,28.079166666666666,1.0166666666666668,77.08333333333333,,,,,,,,,,,,,,1.2743165476267668,0.0,0.0,162.49136617654128,東石
2026-09-27,0.0,0.0,18.190308513341105,18.48232665841116,18.19030851334108,54.3063873772723,28.375,1.6375,74.83333333333333,,,,,,,,,,,,,,1.2598400648966561,0.0,0.0,157.16426555526715,東石
2026-09-28,0.0,0.0,17.593959266838407,17.876403918383033,17.5939592668384,51.971179031455904,28.875,2.0208333333333335,77.16666666666667,,,,,,,,,,,,,,1.2453635821665476,0.0,0.0,152.01180806548385,東石
2026-09-29,0.0,0.0,17.0171606741107,17.290345688579688,17.0171606741107,49.7068650846362,28.974999999999998,1.425,78.20833333333333,,,,,,,,,,,,,,1.2308870994364391,0.0,0.0,147.02826822431643,東石
2026-09-30,0.0,0.0,16.4592717884891,16.723500732893918,16.4592717884891,47.53082917817765,29.166666666666668,1.3416666666666668,78.33333333333333,,,,,,,,,,,,,,1.216410616706331,0.0,0.0,142.20810825254586,東石
